{"cameraMode":{"drawMode":0,"name":"Shaded","section":"Shading Mode"},"sceneLighting":true,"audioPlay":false,"sceneViewState":{"showFog":true,"showMaterialUpdate":false,"showSkybox":true,"showFlares":true,"showImageEffects":true,"showParticleSystems":true},"in2DMode":false,"pivot":{"x":29.914533615112306,"y":-15.08410358428955,"z":-10.954504013061524},"rotation":{"x":-0.18540537357330323,"y":-0.6570007801055908,"z":0.17147928476333619,"w":-0.7103452086448669},"size":23.158952713012697,"orthographic":false}