{"cameraMode":{"drawMode":0,"name":"Shaded","section":"Shading Mode"},"sceneLighting":true,"audioPlay":false,"sceneViewState":{"showFog":true,"showMaterialUpdate":false,"showSkybox":true,"showFlares":true,"showImageEffects":true,"showParticleSystems":true},"in2DMode":false,"pivot":{"x":-39.002925872802737,"y":-1.770399570465088,"z":-4.209508895874023},"rotation":{"x":0.017166724428534509,"y":-0.7461956739425659,"z":0.01926923729479313,"w":0.6652450561523438},"size":23.158952713012697,"orthographic":false}